IDBook,Title,PublicationDate,Editorial,Gender,NPages,UnitsAvailables
11111,Title1,08-11-2012,Editorial1,F,101,10
11112,Title2,09-09-2015,Editorial1,A,278,10
11113,Title3,15-12-2008,Editorial2,A,355,9
11114,Title4,26-01-2015,Editorial2,CF,109,9
11115,Title5,03-10-2001,Editorial2,R,347,8
22221,Title6,17-04-2008,Editorial3,F,214,8
22222,Title7,26-05-2001,Editorial3,A,248,7
22223,Title8,23-01-2006,Editorial4,M,105,7
22224,Title9,27-09-2001,Editorial4,M,246,6
22225,Title10,17-03-2008,Editorial4,M,434,6
33331,Title11,20-10-2014,Editorial4,M,234,5
33332,Title12,18-06-2003,Editorial5,R,451,5
33333,Title13,07-04-2007,Editorial6,T,200,4
33334,Title14,14-12-2015,Editorial6,F,87,4
33335,Title15,22-08-2021,Editorial6,R,356,3
44441,Title16,02-02-2017,Editorial6,CF,318,3
44442,Title17,21-07-2004,Editorial6,R,231,2
44443,Title18,25-10-2011,Editorial6,R,362,2
44444,Title19,30-10-2010,Editorial7,F,340,1
44445,Title20,29-10-2016,Editorial7,T,314,0
