IDLibro,Titulo,FechaPublicacion,Editorial,Genero,nPaginas,unidDisponibles
11111,Title1,08-11-2012,Editorial1,Fantasia,101,10
11112,Title2,09-09-2015,Editorial1,Aventura,278,10
11113,Title3,15-12-2008,Editorial2,Aventura,355,9
11114,Title4,26-01-2015,Editorial2,Ciencia Ficcion,109,9
11115,Title5,03-10-2001,Editorial2,Romance,347,8
22221,Title6,17-04-2008,Editorial3,Fantasia,214,8
22222,Title7,26-05-2001,Editorial3,Aventura,248,7
22223,Title8,23-01-2006,Editorial4,Misterio,105,7
22224,Title9,27-09-2001,Editorial4,Misterio,246,6
22225,Title10,17-03-2008,Editorial4,Misterio,36,6
33331,Title11,20-10-2014,Editorial4,Misterio,234,5
33332,Title12,18-06-2003,Editorial5,Romance,451,5
33333,Title13,07-04-2007,Editorial6,Terror,200,4
33334,Title14,14-12-2015,Editorial6,Fantasia,87,4
33335,Title15,22-08-2021,Editorial6,Romance,356,3
44441,Title16,02-02-2017,Editorial6,Ciencia Ficcion,318,3
44442,Title17,21-07-2004,Editorial6,Romance,231,2
44443,Title18,25-10-2011,Editorial6,Romance,362,2
44444,Title19,30-10-2010,Editorial7,Fantasia,340,1
44445,Title20,29-10-2016,Editorial7,Terror,314,0
